Label,Genus,Species,Sequencing platform,Batch,Prep,Sample ID,NextSeq single IDs,NextSeq paired 1 and MiSeq paired ID,NextSeq paired 2 ID,HiSeq paired ID,HiSeq2500 paired ID,HiSeq2000 paired 1 ID,HiSeq2000 paired 2 ID,HiSeq 4000 ID 1,HiSeq 4000 ID 2,Seq run 1 ID,Seq run 2 ID,Seq run 3 ID,Seq run 4 ID,Total reads,Avg read len,Total bases,Reads fastp,Avg read len fastp,Total bases fastp,Reads decon,Avg read len decon,Total bases decon,Reads merged,Avg read len merged,Total bases merged,Mouse mapped reads,Mouse target depth,Mouse tile depth,Rat mapped reads,Rat target depth
Apomys-lubangensis,Apomys,lubangensis,NextSeq single + paired; Miseq,1,NA,NA,30,JAE169,1,NA,NA,NA,NA,NA,NA,NA,NA,NA,NA,39430527,75.38439499,2971362093,38112175,75.32909849,2869884077,38065233,75.33419954,2866543510,33827297,85.56161143,2893160564,8624907,20.9266,21.1585,8074247,20.2554
Batomys-salomonseni,Batomys,salomonseni,NextSeq single + paired; Miseq,1,NA,NA,31,JAE3320,2,NA,NA,NA,NA,NA,NA,NA,NA,NA,NA,44940074,75.38176685,3386331617,43558384,75.34682913,3280667773,43523940,75.3533807,3278359446,37207033,88.96883505,3308829357,11786735,22.6468,23.048,13110225,22.2273
Bulimus-bagobus,Bulimus,bagobus,NextSeq single + paired; Miseq,1,NA,NA,32,JAE1712,3,NA,NA,NA,NA,NA,NA,NA,NA,NA,NA,40153287,75.3994846,3026279632,38877208,75.37129869,2928980447,38842120,75.37667266,2926545522,34582506,85.73530507,2963595572,8937514,21.1591,21.4455,9966589,20.8555
Chrotomys-mindorensis,Chrotomys,mindorensis,NextSeq single + paired; Miseq,1,NA,NA,33,JAE520,4,NA,NA,NA,NA,NA,NA,NA,NA,NA,NA,49326561,75.39798195,3717461837,47741516,75.34872946,3595616354,47713874,75.35332891,3593754052,41703760,87.68378216,3654943785,11879536,25.4239,25.8332,11123848,24.5069
Phloeomys-pallidus,Phloeomys,pallidus,NextSeq single + paired; Miseq,1,NA,NA,34,JEC43,5,NA,NA,NA,NA,NA,NA,NA,NA,NA,NA,43270999,75.40246307,3261371425,41869477,75.36638403,3154195317,41840162,75.37121747,3152189453,37236725,86.3016711,3212118683,12714291,19.323,19.5753,12027849,18.5253
Rhynchomys-isarogensis,Rhynchomys,isarogensis,NextSeq single + paired; Miseq,1,NA,NA,35,JAE2195,6,NA,NA,NA,NA,NA,NA,NA,NA,NA,NA,48708525,75.3524793,3669015450,47182640,75.29073908,3551136723,47137004,75.29863654,3548075067,37013195,98.07133928,3628445176,17479095,21.9025,22.3852,16384188,21.2158
Sundamys-meulleri,Sundamys,meulleri,NextSeq single + paired; Miseq,1,NA,NA,36,JAE1283,7,NA,NA,NA,NA,NA,NA,NA,NA,NA,NA,32933675,75.39719376,2482224151,31829024,75.34848723,2397394992,31793286,75.3636637,2395186029,29443998,82.70456695,2434219452,6544017,17.7066,17.7887,7331430,17.5142
Taeromys-punicans,Taeromys,punicans,NextSeq single + paired; Miseq; Hiseq4000,1,2,NA,37,JLP25862,8,NA,NA,NA,NA,SM077,NA,NA,NA,NA,NA,73725174,110.8534789,8170752084,72073844,110.8134099,7984826469,72003140,110.8292597,7978134583,56913251,133.4490122,7592785327,21014012,49.0607,49.2659,22406247,47.37
Hyorhinomys-stuempkei,Hyorhinomys,stuempkei,NextSeq single + paired; Miseq,1,NA,NA,38,JAE4661,9,NA,NA,NA,NA,NA,NA,NA,NA,NA,NA,35631743,75.40606551,2685638224,34454945,75.34049599,2594656992,34401195,75.36000665,2591280506,30793780,85.12131815,2619921387,7551003,19.05,19.2953,8134749,18.8134
Hybomys-univittatus,Hybomys,univittatus,NextSeq single + paired; Miseq,1,NA,NA,39,TCD4026,10,NA,NA,NA,NA,NA,NA,NA,NA,NA,NA,39978705,75.38699396,3012876193,38419528,75.33473676,2893345978,38389862,75.33849791,2891256117,33534792,86.7658335,2908619367,13687072,16.9076,17.0722,12771587,16.2943
Colomys-goslingi,Colomys,goslingi,NextSeq single + paired; Miseq,1,NA,NA,40,TCD4175,11,NA,NA,NA,NA,NA,NA,NA,NA,NA,NA,54291190,75.3865975,4091538525,52555479,75.34387385,3958456678,52516772,75.3478118,3955748064,45427319,88.25396524,4007745825,13466829,28.7918,28.9879,12256867,27.1038
Malacomys-longipes,Malacomys,longipes,NextSeq single + paired; Miseq,1,NA,NA,41,TCD4253,12,NA,NA,NA,NA,NA,NA,NA,NA,NA,NA,50366563,75.39319495,3795792160,48676990,75.33870053,3665771952,48648254,75.34295127,3663814781,41943232,88.15603304,3695930754,14301483,23.875,24.3332,13037557,22.7655
Hylomyscus-vulcanorum,Hylomyscus,vulcanorum,NextSeq single + paired; Miseq,1,NA,NA,42,TCD4382,13,NA,NA,NA,NA,NA,NA,NA,NA,NA,NA,59460468,75.38688101,4480780827,57575121,75.34684784,4336362013,57527299,75.35128499,4333015664,49026424,89.2452269,4373476445,14295660,31.3396,31.9005,13048539,29.6387
Praomys-degraaffi,Praomys,degraaffi,NextSeq single + paired; Miseq,1,NA,NA,43,TCD4312,14,NA,NA,NA,NA,NA,NA,NA,NA,NA,NA,53955265,75.40104491,4066691040,52208229,75.34864421,3932244937,52162267,75.35354496,3929038651,45397020,87.04870959,3950068314,24123882,17.8811,17.8392,21748311,17.0185
Grammomys-sp,Grammomys,sp,NextSeq single + paired; Miseq,1,NA,NA,44,TCD4560,15,NA,NA,NA,NA,NA,NA,NA,NA,NA,NA,57307396,75.38719755,4318754257,55518531,75.35092544,4181896716,55481872,75.35500624,4179361586,47560763,88.89427595,4226262959,14360175,29.4999,29.8938,13481806,28.4
Lemniscomys-striatus,Lemniscomys,striatus,NextSeq single + paired; Miseq,1,NA,NA,45,TCD4711,16,NA,NA,NA,NA,NA,NA,NA,NA,NA,NA,40776560,75.38725733,3073051706,39405459,75.32699022,2967323509,39371978,75.3310153,2964960889,34897462,86.32133812,3011331879,9453923,21.1423,21.4713,8837176,20.2769
Berylymys-bowersi,Berylymys,bowersi,NextSeq single + paired; Miseq,1,NA,NA,46,ABTC116431,17,NA,NA,NA,NA,NA,NA,NA,NA,NA,NA,82302530,75.3588953,6200062831,79820239,75.21562236,6001584330,79723676,75.22943785,5995426525,61274400,97.27921789,5958442663,26811092,37.4089,38.3038,29131641,36.6064
Crunomys-celebensis,Crunomys,celebensis,NextSeq single + paired; Miseq,1,NA,NA,47,Z21894,18,NA,NA,NA,NA,NA,NA,NA,NA,NA,NA,41672317,75.40257141,3140957752,40292856,75.36312462,3035366054,40262440,75.36943239,3033328577,35912235,86.03923306,3088515245,8340706,22.9734,23.3598,8672327,22.6905
Echiothrix-centrosa,Echiothrix,centrosa,NextSeq single + paired; Miseq,1,NA,NA,48,Z27993,19,NA,NA,NA,NA,NA,NA,NA,NA,NA,NA,31915700,75.3753295,2404632656,30893406,75.2975076,2325182818,30855658,75.30733292,2322644727,26513903,88.42614281,2343404113,6668637,18.1875,18.5826,7124309,17.8258
Gracillimus-radix,Gracillimus,radix,NextSeq single + paired; Miseq,1,NA,NA,49,Z08508,20,NA,NA,NA,NA,NA,NA,NA,NA,NA,NA,59265483,75.39167226,4466355559,57392306,75.34236646,4322322927,57333904,75.35451538,4318621155,49020631,90.48967433,4433894956,12960715,32.297,32.7201,13881104,32.076
Leopoldomys-sabanus,Leopoldomys,sabanus,NextSeq single + paired; Miseq,1,NA,NA,50,Z25191,21,NA,NA,NA,NA,NA,NA,NA,NA,NA,NA,43670761,75.3905026,3290953683,42133697,75.32008538,3172120987,42086295,75.33652638,3169244034,37235922,86.79618156,3230403807,7602974,24.9807,25.2834,8188043,24.7598
Margaretamys-parvus,Margaretamys,parvus,NextSeq single + paired; Miseq; Hiseq4000,1,2,NA,51,Z21794,22,NA,NA,NA,NA,SM062,NA,NA,NA,NA,NA,73791976,116.48741,8594465222,72276302,116.2733906,8402457502,72191155,116.2836417,8393298137,54991902,141.3188786,7769792778,21673634,51.9524,52.2893,22409439,50.6715
Melasmothrix-naso,Melasmothrix,naso,NextSeq single + paired; Miseq,1,NA,NA,52,Z21808,23,NA,NA,NA,NA,NA,NA,NA,NA,NA,NA,38456046,75.38001477,2897872201,37254155,75.32259177,2805143475,37219963,75.33447394,2803010980,32829087,86.72541024,2846086954,6912904,21.971,22.3728,7368405,21.5938
Paucidentomys-vermidax,Paucidentomys,vermidax,NextSeq single + paired; Miseq,1,NA,NA,53,Z21914,24,NA,NA,NA,NA,NA,NA,NA,NA,NA,NA,35954259,75.3921841,2709748746,34705029,75.33775397,2613687651,34669198,75.35180755,2611476712,31585666,84.42664001,2665674152,6043811,20.6954,20.9874,6454645,20.4433
Sommeromys-macrorhinos,Sommeromys,macrorhinos,NextSeq single + paired; Miseq,1,NA,NA,54,Z21740,25,NA,NA,NA,NA,NA,NA,NA,NA,NA,NA,36340049,75.39479275,2738793277,35164753,75.35288346,2648720164,35125718,75.36179298,2646093026,30815706,86.59784088,2667444802,6862651,21.0374,21.4011,7278476,20.7526
Tateomys-macrocercus,Tateomys,macrocercus,NextSeq single + paired; Miseq,1,NA,NA,55,Z21834,26,NA,NA,NA,NA,NA,NA,NA,NA,NA,NA,29225186,75.38704027,2202390617,28300553,75.3453572,2131513148,28275414,75.35435309,2129874815,24802638,86.03209638,2132965805,5259036,17.5671,17.9862,5568125,17.2696
Tateomys-rhinogradoides,Tateomys,rhinogradoides,NextSeq single + paired; Miseq,1,NA,NA,56,Z21785,27,NA,NA,NA,NA,NA,NA,NA,NA,NA,NA,46984426,75.3912957,3540875618,45337474,75.34585334,3414663977,45294414,75.35769063,3411957122,38830179,88.23862122,3424889432,9933808,25.7531,26.358,10469173,25.4737
Waiomys-mamasae,Waiomys,mamasae,NextSeq single + paired; Miseq,1,NA,NA,57,Z20624,28,NA,NA,NA,NA,NA,NA,NA,NA,NA,NA,60833873,75.34148008,4582027500,59039861,75.27302965,4442832276,58950751,75.28876316,4437055395,43562207,100.6482939,4383057466,13008649,37.2604,38.6311,13582337,36.2928
Chiropodomys-gliroides,Chiropodomys,gliroides,NextSeq single + paired; Miseq,1,NA,NA,58,Z25153,29,NA,NA,NA,NA,NA,NA,NA,NA,NA,NA,35074373,75.38118802,2643016119,33883685,75.32692881,2551432830,33855504,75.33087165,2549444686,30019857,85.50681233,2565907236,6349131,20.1717,20.4436,5966788,19.5285
Lorentzimys-nouhuysi,Lorentzimys,nouhuysi,NextSeq single + paired; Miseq,1,NA,NA,59,ABTC-46314,30,NA,NA,NA,NA,NA,NA,NA,NA,NA,NA,54971983,75.38328238,4142287244,53152101,75.33266926,4002425923,53114061,75.33686888,3999784214,44437886,91.21665806,4051635612,11351502,31.2191,32.2735,10697154,30.0801
Mastacomys-fuscus,Mastacomys,fuscus,NextSeq single + paired; Miseq,1,NA,NA,60,ABTC-07354,31,NA,NA,NA,NA,NA,NA,NA,NA,NA,NA,46594794,75.38626938,3511218474,45029981,75.33461781,3390942230,45000402,75.33918373,3388920196,38869556,87.78589471,3410713062,9268386,26.2141,26.7897,8789469,25.0681
Melomys-rufescens,Melomys,rufescens,NextSeq single + paired; Miseq,1,NA,NA,61,ABTC-44798,32,NA,NA,NA,NA,NA,NA,NA,NA,NA,NA,45403051,75.37302447,3420897123,43904687,75.31719986,3305520891,43872387,75.32125756,3303267153,36538412,90.71231924,3313114610,9427649,25.7956,26.3844,8899618,24.6509
Hydromys-chrysogaster,Hydromys,chrysogaster,NextSeq single + paired; Miseq,1,NA,NA,62,Z5248,33,NA,NA,NA,NA,NA,NA,NA,NA,NA,NA,65162935,75.33229627,4907385637,62777770,75.24150428,4722025437,62702159,75.2512932,4716952280,47683969,94.81322113,4519590094,39135503,13.104,13.0416,37137415,12.7205
Apodemus-sylvaticus,Apodemus,sylvaticus,NextSeq single + paired; Miseq,1,NA,NA,63,SMG3823,34,NA,NA,NA,NA,NA,NA,NA,NA,NA,NA,36422145,75.39729319,2745043087,35193013,75.3481785,2650653378,35165235,75.35314102,2648736376,31540544,84.8420834,2674806267,6462680,20.6594,21.0322,5926146,19.7776
Archboldomys-luzonensis,Archboldomys,luzonensis,NextSeq single + paired; Miseq,1,NA,NA,64,EAR1826,35,NA,NA,NA,NA,NA,NA,NA,NA,NA,NA,38016676,75.38821207,2865027678,36680218,75.3463609,2762750407,36655245,75.34955303,2760986352,31959930,87.64384635,2800017820,7860184,21.4591,21.8716,7422485,20.7443
Bunomys-chrysocomus,Bunomys,chrysocomus,NextSeq single + paired; Miseq,1,NA,NA,65,JAE4867,36,NA,NA,NA,NA,NA,NA,NA,NA,NA,NA,45900895,75.37183934,3458256408,44282646,75.31559424,3333808251,44233222,75.32502965,3330504999,36947275,91.01798595,3361365124,9624847,25.6219,25.9854,10453873,24.8773
Haeromys-minahassae,Haeromys,minahassae,NextSeq single + paired; Miseq,1,NA,NA,66,JAE4996,37,NA,NA,NA,NA,NA,NA,NA,NA,NA,NA,33750595,75.39854823,2543798633,32488963,75.35272033,2447197369,32466041,75.35764989,2445630945,29922170,83.18995429,2488216025,6227982,18.8813,18.9254,5845833,18.1947
Maxomys-surifer,Maxomys,surifer,NextSeq single + paired; Miseq,1,NA,NA,67,JAE3632,38,NA,NA,NA,NA,NA,NA,NA,NA,NA,NA,43614327,75.39545589,3286959596,42159209,75.34935423,3175320947,42126871,75.35398379,3173079924,37098915,86.14147607,3194308122,8781465,24.0085,24.2944,9058612,23.6191
Niviventer-lepturus,Niviventer,lepturus,NextSeq single + paired; Miseq,1,NA,NA,68,JAE4746,39,NA,NA,NA,NA,NA,NA,NA,NA,NA,NA,40554596,75.37496527,3055637400,39132552,75.3038199,2945679629,39093167,75.31360484,2943097820,33144693,88.80015397,2942007354,8207903,22.6541,23.0459,8849354,22.3303
Paruromys-dominator,Paruromys,dominator,NextSeq single + paired; Miseq,1,NA,NA,69,JAE4870,40,NA,NA,NA,NA,NA,NA,NA,NA,NA,NA,25368777,75.40654489,1912123498,24517397,75.37240503,1847096056,24497103,75.37785908,1845700599,22867434,81.81099345,1869916326,4046144,14.6464,14.6981,4521382,14.1612
Bunomys-andrewsi,Bunomys,andrewsi,Hiseq; Hiseq2500,2,NA,NA,NA,NA,NA,andrewsii,GATGCC,NA,NA,NA,NA,NA,NA,NA,NA,27342995,100.551298,2229983248,25889762,99.83857562,2091777901,25812419,99.86605262,2086394381,17124644,130.9165374,1866601837,6266321,18.0871,18.326,6371789,17.1885
Rattus-exulans,Rattus,exulans,Hiseq; Hiseq2500,2,NA,NA,NA,NA,NA,exulans,TGACGT and GCATTG,NA,NA,NA,NA,NA,NA,NA,NA,62650906,100.558442,5171044518,59271698,99.71045507,4843821434,59038604,99.74670094,4827397596,36623711,136.4727192,4231807353,15603435,39.9066,40.2968,15927623,37.1631
Rattus-hoffmanni,Rattus,hoffmanni,Hiseq; Hiseq2500; Hiseq4000,2,3,NA,NA,NA,NA,hoffmanni,CCGATT and GATCTC,NA,NA,NA,SM074,NA,NA,NA,NA,115914979,121.9823845,12699070548,111339661,120.7000259,12086326546,111054901,120.7514898,12062656754,47237129,174.1700566,7722092109,33107203,85.3092,86.513,34019084,79.6179
Rattus-leucopus,Rattus,leucopus,Hiseq; Hiseq2500,2,NA,NA,NA,NA,NA,leucopus,ATGCCG,NA,NA,NA,NA,NA,NA,NA,NA,28347387,100.5608015,2298816102,26835411,99.82010706,2154624198,26743540,99.84929479,2148154533,16149034,140.4341204,1898538142,6375821,20.3149,20.6153,6516528,19.2712
Rattus-lutreolus,Rattus,lutreolus,Hiseq; Hiseq2500,2,NA,NA,NA,NA,NA,lutreolus,CAATAT,NA,NA,NA,NA,NA,NA,NA,NA,34011907,100.5677796,2854952522,31991207,99.3086073,2646902103,31888068,99.33886734,2639701324,19192667,136.7785076,2255122239,8328122,24.1384,24.6592,8466070,22.8628
Maxomys-musschenbroekii,Maxomys,musschenbroekii,Hiseq; Hiseq2500,2,NA,NA,NA,NA,NA,musschenbroekii,CAATTA,NA,NA,NA,NA,NA,NA,NA,NA,30698292,100.5608775,2522688474,28929868,99.47346339,2345380545,28838542,99.49960281,2338976963,17643808,134.7266428,2015370056,7119753,21.1139,21.6429,7102298,20.4247
Rattus-praetor,Rattus,praetor,Hiseq; Hiseq2500,2,NA,NA,NA,NA,NA,praetor,CAGTAC,NA,NA,NA,NA,NA,NA,NA,NA,26153464,100.5501286,2122230924,24698593,99.64800761,1980277751,24619175,99.68251894,1974902888,15405662,134.8734653,1740423516,5795754,18.2905,18.4858,5910531,17.1171
Rattus-villosissimus,Rattus,villosissimus,Hiseq; Hiseq2500,2,NA,NA,NA,NA,NA,vilosissimus,AGATAG,NA,NA,NA,NA,NA,NA,NA,NA,35322678,100.5572222,2966364448,33463451,99.18304342,2769102696,33352062,99.22159254,2761469679,20053888,135.9276558,2345443934,9040080,24.5886,25.095,9182486,23.2216
Mus-caroli,Mus,caroli,Hiseq2000,3,NA,NA,NA,NA,NA,NA,NA,10460X9,ACCAAC,NA,NA,NA,NA,NA,NA,57290523,100.6071897,4406927114,54849723,99.89925747,4166466763,54421235,99.89899328,4135429515,29738304,139.7971603,3372969545,7259563,42.7884,44.4918,6805333,38.8154
Mus-cervicolor,Mus,cervicolor,Hiseq2000,3,NA,NA,NA,NA,NA,NA,NA,10460X10,CCGGTA,NA,NA,NA,NA,NA,NA,77059554,100.6044019,5910985678,73633353,100.4679364,5609351746,73098324,100.4684759,5570642629,42110480,145.8008786,4851741188,7807039,58.2375,59.7456,7410995,52.4847
Mus-cookii,Mus,cookii,Hiseq2000,3,NA,NA,NA,NA,NA,NA,NA,10460X3,CCTAGG,NA,NA,NA,NA,NA,NA,82597715,100.6046691,6356067580,79071844,100.2006499,6027979715,78527876,100.2009665,5988883309,44004866,143.1882595,5052712034,9963865,60.9111,63.2448,9411389,54.6248
Mus-macedonicus,Mus,macedonicus,Hiseq2000,3,NA,NA,NA,NA,NA,NA,NA,10460X12,TTGAAG,NA,NA,NA,NA,NA,NA,51092698,100.4225716,3924346796,49190458,100.2966212,3759355064,48916439,100.2972878,3739702527,28005322,145.9780643,3245278492,8084646,34.9049,35.9525,7435226,31.1607
Mus-minutoides,Mus,minutoides,Hiseq2000,3,NA,NA,NA,NA,NA,NA,NA,10460X2,CTCTGC,NA,NA,NA,NA,NA,NA,64445466,100.6087855,4957201108,61604587,100.2519109,4695891739,61089264,100.2596013,4658940353,34328363,144.0648463,3952561683,7159980,48.898,50.8168,6795639,45.6327
Mus-molossinus,Mus,molossinus,Hiseq2000,3,NA,NA,NA,NA,NA,NA,NA,10460X8,GCTCGA,NA,NA,NA,NA,NA,NA,42887967,100.423937,3276261450,41324941,99.66120643,3120964030,41089325,99.66319984,3104184969,22440615,138.5588575,2518728870,4374523,32.7104,33.9256,4059175,29.2179
Mus-musculus-castaneus,Mus,musculus castaneus,Hiseq2000,3,NA,NA,NA,NA,NA,NA,NA,10460X7,CTCGAT,NA,NA,NA,NA,NA,NA,43068978,100.4285432,3297101812,41240448,100.2810916,3137951593,40964160,100.2829093,3118255346,24623529,143.0196714,2760699421,3821637,32.2928,33.1342,3535425,28.708
Mus-musculus-domesticus,Mus,musculus domesticus,Hiseq2000,3,NA,NA,NA,NA,NA,NA,NA,10460X15,CGACCT,NA,NA,NA,NA,NA,NA,67769204,100.4257268,5176792166,65118129,100.1795687,4940967926,64650497,100.1794337,4907217032,34883316,146.1281125,4094092224,5632383,53.1694,55.0708,5344371,47.4465
Mus-musculus-musculus,Mus,musculus musculus,Hiseq2000,3,NA,NA,NA,NA,NA,NA,NA,10460X14,TTGGAT,NA,NA,NA,NA,NA,NA,70323731,100.4254625,5379793634,67840810,100.1288717,5155496224,67399764,100.1293352,5123933090,34690521,144.4344969,4095630380,5969445,56.5639,58.8185,5678995,50.6163
Mus-musculus-reference,Mus,musculus reference,Hiseq2000,3,NA,NA,NA,NA,NA,NA,NA,10460X5,GCAAGA,NA,NA,NA,NA,NA,NA,36881941,100.4279945,2826110850,35428461,100.2732248,2699330144,35226949,100.2750576,2684841603,20653468,143.9916377,2347704890,2487707,29.2606,30.0935,2317088,26.1766
Mus-pahari,Mus,pahari,Hiseq2000,3,NA,NA,NA,NA,NA,NA,NA,10460X1,TCGCAG,NA,NA,NA,NA,NA,NA,51307296,100.6025399,3936918830,49070835,99.9963811,3722547680,48646988,99.99839397,3692159502,26712597,140.1053882,3020658299,6488255,38.138,39.3852,6168865,36.3701
Mus-platythrix,Mus,platythrix,Hiseq2000,3,NA,NA,NA,NA,NA,NA,NA,10460X13,ACTATC,NA,NA,NA,NA,NA,NA,81440486,100.6067561,6267991454,78204933,99.35161229,5913929957,77656272,99.35309049,5874654849,40957201,130.4607959,4440854966,12950546,58.8764,61.8781,12328269,54.7774
Mus-spicilegus,Mus,spicilegus,Hiseq2000,3,NA,NA,NA,NA,NA,NA,NA,10460X11,AACTCC,NA,NA,NA,NA,NA,NA,46423284,100.4186572,3549204452,44812944,99.39496111,3379191919,44539064,99.39609152,3359579544,23808251,137.2151887,2668220697,5778618,34.1634,35.543,5346933,30.8339
Mus-spretus,Mus,spretus,Hiseq2000,3,NA,NA,NA,NA,NA,NA,NA,10460X4,GGATCA,NA,NA,NA,NA,NA,NA,37938209,100.4213713,2904766494,36506531,100.2774927,2780768677,36294249,100.2787569,2765243480,21447514,143.2207195,2418372651,2522616,30.4968,31.4212,2378354,27.3272
Coccymys-ruemmleri,Coccymys,ruemmleri,Hiseq4000,4,1,NA,NA,NA,NA,NA,NA,NA,NA,SM033,NA,NA,NA,NA,NA,32996526,150,4949478900,32535128,149.0456607,4849219650,32512168,149.0629591,4846359968,22968005,196.2144209,4506653016,12659811,28.0203,28.1865,12286984,27.5267
Grammomys-dryas,Grammomys,dryas,Hiseq4000,4,1,NA,NA,NA,NA,NA,NA,NA,NA,REC8,NA,NA,NA,NA,NA,33710426,150,5056563900,33206516,148.5037912,4931293520,33178752,148.5277856,4927966565,24355811,188.9534945,4602115033,13021737,28.1655,28.0222,12603348,27.7931
Carpomys-melanurus,Carpomys,melanurus,Hiseq4000,4,1,NA,NA,NA,NA,NA,NA,NA,NA,SM085,NA,NA,NA,NA,NA,28354290,150,4253143500,27918356,149.5584159,4175425098,27893568,149.5703707,4172051305,20470753,194.1432993,3974259333,12751741,20.4387,20.4461,12385704,20.1215
Crateromys-heaneyi,Crateromys,heaneyi,Hiseq4000,4,1,NA,NA,NA,NA,NA,NA,NA,NA,REC4,NA,NA,NA,NA,NA,36630842,150,5494626300,36070468,147.4948367,5320207788,36019464,147.5244263,5313750763,26002584,185.9130814,4834217726,13585577,31.193,31.5412,13168876,30.3192
Dasymys-montanus,Dasymys,montanus,Hiseq4000,4,1,NA,NA,NA,NA,NA,NA,NA,NA,SM086,NA,NA,NA,NA,NA,34265426,150,5139813900,33777594,149.3834047,5045811995,33742590,149.39447,5040956351,24635652,192.3016165,4737474742,12571794,29.3553,29.3204,12079962,28.7655
Aethomys-hindei,Aethomys,hindei,Hiseq4000,4,1,NA,NA,NA,NA,NA,NA,NA,NA,REC1,NA,NA,NA,NA,NA,41601482,150,6240222300,41017616,148.2681088,6081604352,40978308,148.2835804,6076410227,28697303,189.3687188,5434368852,15314201,36.1493,36.2858,14862818,35.5884
Hylomyscus-stella,Hylomyscus,stella,Hiseq4000,4,1,NA,NA,NA,NA,NA,NA,NA,NA,REC10,NA,NA,NA,NA,NA,43945642,150,6591846300,43123108,148.1528029,6388809319,43086636,148.174089,6384323039,32311272,181.8377182,5875406883,16098695,34.8221,34.7805,15365361,34.0021
Anisomys-imitator,Anisomys,imitator,Hiseq4000,4,1,NA,NA,NA,NA,NA,NA,NA,NA,SM008,NA,NA,NA,NA,NA,48087338,150,7213100700,47439572,148.7994467,7058982064,47389126,148.8189476,7052399857,31749291,201.8651793,6409074705,18360043,42.365,42.8384,17900854,41.608
Crunomys-melanius,Crunomys,melanius,Hiseq4000,4,1,NA,NA,NA,NA,NA,NA,NA,NA,REC5,NA,NA,NA,NA,NA,32602620,150,4890393000,31969260,147.7274668,4722737795,31917696,147.767017,4716382728,23042581,187.6383599,4323671168,12107424,27.4471,27.583,12196683,26.5144
Niviventer-rapit,Niviventer,rapit,Hiseq4000,4,1,NA,NA,NA,NA,NA,NA,NA,NA,SM056,NA,NA,NA,NA,NA,31670356,150,4750553400,31298624,146.9462157,4599214354,31252652,146.9832796,4593617288,20208788,196.7151503,3975370441,11859745,28.7496,29.1164,12092411,27.4648
Phloeomys-cumingii,Phloeomys,cumingii,Hiseq4000,4,1,NA,NA,NA,NA,NA,NA,NA,NA,SM069,NA,NA,NA,NA,NA,34013230,150,5101984500,33616120,149.3941154,5022050511,33590038,149.4094551,5018669274,23104105,204.4250203,4723056930,13697732,28.2397,28.4523,13343204,27.6361
Aethomys-nyikae,Aethomys,nyikae,Hiseq4000,4,1,NA,NA,NA,NA,NA,NA,NA,NA,SM084,NA,NA,NA,NA,NA,39728404,150,5959260600,39160080,149.474609,5853437646,39130314,149.4855375,5849416019,28283618,193.2879214,5466881346,15605515,32.8958,32.6484,15144526,32.649
Hybomys-planifrons,Hybomys,planifrons,Hiseq4000,4,1,NA,NA,NA,NA,NA,NA,NA,NA,SM040,NA,NA,NA,NA,NA,41061690,150,6159253500,40597440,149.0708708,6051895734,40540502,149.0886326,6044128007,27280132,204.5210367,5579359037,16557060,33.9679,34.5781,15978195,32.1059
Pogonomys-macrourus,Pogonomys,macrourus,Hiseq4000,4,1,NA,NA,NA,NA,NA,NA,NA,NA,SM071,NA,NA,NA,NA,NA,43583232,150,6537484800,43026862,148.4536104,6387493010,42991110,148.4699822,6382889338,28226493,202.5208211,5716450717,16597751,38.3386,38.6381,16178036,37.654
Musseromys-anacuao,Musseromys,anacuao,Hiseq4000,4,1,NA,NA,NA,NA,NA,NA,NA,NA,SM063,NA,NA,NA,NA,NA,31889540,150,4783431000,31513488,149.6642808,4716443518,31480690,149.6765556,4711921248,22121152,200.7993998,4441914045,13116961,26.1651,26.2034,12745817,25.7448
Limnomys-sibuanus,Limnomys,sibuanus,Hiseq4000,4,1,NA,NA,NA,NA,NA,NA,NA,NA,SM089,NA,NA,NA,NA,NA,33006740,150,4951011000,32443936,148.9436097,4832316940,32400276,148.9715068,4826717937,23835875,186.7537034,4451437183,12494998,28.2556,28.2745,13066698,26.3154
Pithecheir-melanurus,Pithecheir,melanurus,Hiseq4000,4,1,NA,NA,NA,NA,NA,NA,NA,NA,SM070,NA,NA,NA,NA,NA,30172486,150,4525872900,29841598,148.8059098,4440606139,29801208,148.836981,4435521829,20524870,199.0189383,4084836045,12916155,22.6596,22.8685,12528998,22.1905
Thamnomys-sp.,Thamnomys,sp.,Hiseq4000,4,1,NA,NA,NA,NA,NA,NA,NA,NA,REC24,NA,NA,NA,NA,NA,41875098,150,6281264700,41389532,149.142603,6172942541,41349926,149.1565564,6167612571,27909425,204.1477956,5697646773,16549142,35.7369,35.9729,16045431,35.129
Mammelomys-lanosus,Mammelomys,lanosus,Hiseq4000,4,1,NA,NA,NA,NA,NA,NA,NA,NA,SM047,NA,NA,NA,NA,NA,32681436,150,4902215400,32284246,148.0633844,4780114724,32254366,148.0774832,4776145341,20637760,201.478563,4158064012,13064325,28.4466,28.7805,12721265,27.9161
Xenuromys-barbatus,Xenuromys,barbatus,Hiseq4000,4,1,NA,NA,NA,NA,NA,NA,NA,NA,SM010,NA,NA,NA,NA,NA,43306002,150,6495900300,42745120,149.0253761,6370107583,42704770,149.041361,6364777044,27521132,209.2675416,5759278170,17078415,38.2479,38.3556,16613089,37.6035
Hydromys-sp-nov,Hydromys,sp nov,Hiseq4000,4,1,NA,NA,NA,NA,NA,NA,NA,NA,REC9,NA,NA,NA,NA,NA,39014590,150,5852188500,38498866,144.8444538,5576347216,38458804,144.8783992,5571849960,26111282,182.3793131,4762155123,14712936,33.6933,33.8934,14326504,32.9959
Xeromys-myoides,Xeromys,myoides,Hiseq4000,4,1,NA,NA,NA,NA,NA,NA,NA,NA,SM080,NA,NA,NA,NA,NA,29354318,150,4403147700,28938296,149.4005117,4323396230,28914114,149.4161176,4320234657,19862889,202.1016266,4014321165,10891399,25.8415,25.7043,10543254,25.2585
Pseudohydromys-ellermani,Pseudohydromys,ellermani,Hiseq4000,4,1,NA,NA,NA,NA,NA,NA,NA,NA,SM073,NA,NA,NA,NA,NA,39681404,150,5952210600,39192850,147.717775,5789480598,39150198,147.7399032,5784046461,24952800,199.2929027,4972913351,14254558,36.3469,36.666,13886379,35.6919
Leptomys-elegans,Leptomys,elegans,Hiseq4000,4,1,NA,NA,NA,NA,NA,NA,NA,NA,SM044,NA,NA,NA,NA,NA,33069852,150,4960477800,32684744,148.4444211,4851867901,32655100,148.4674851,4848220574,22320907,196.0275458,4375511442,12321558,28.7129,28.5403,11986422,27.8134
Pelomys-isseli,Pelomys,isseli,Hiseq4000,4,1,NA,NA,NA,NA,NA,NA,NA,NA,SM068,NA,NA,NA,NA,NA,38177966,150,5726694900,37650270,149.2810408,5620471493,37612216,149.2953541,5615329107,25597881,202.1949737,5175760448,14990358,31.4128,31.5373,14549529,30.8869
Mus-pos_ctrl_F,Mus,pos_ctrl_F,Hiseq4000,4,1,NA,NA,NA,NA,NA,NA,NA,NA,M44_F11,NA,NA,NA,NA,NA,4171622,150,625743300,4091936,146.4977874,599459570,4088324,146.5199576,599021059,3233301,167.5776665,541828534,1585986,4.21131,4.16941,1368176,4.03727
Mus-pos_ctrl_E,Mus,pos_ctrl_E,Hiseq4000,4,1,NA,NA,NA,NA,NA,NA,NA,NA,M44_E11,NA,NA,NA,NA,NA,3139548,150,470932200,3089696,148.0125313,457313726,3087002,148.0246754,456952469,2375022,172.8513074,410525312,1179176,3.59801,3.57902,1026280,3.49111
Niviventer-bukit,Niviventer,bukit,Hiseq4000,4,2,NA,NA,NA,NA,NA,NA,NA,NA,SM054,NA,NA,NA,NA,NA,38370432,150,5755564800,37958500,148.339884,5630759486,37908522,148.3674766,5624391750,24312343,203.0356413,4936269311,14327085,34.1057,34.4446,14655647,32.5615
Genus-sp-nov,Genus,sp nov,Hiseq4000,4,2,NA,NA,NA,NA,NA,NA,NA,NA,SM059,NA,NA,NA,NA,NA,37196074,150,5579411100,36802616,147.8551835,5441457541,36759054,147.882383,5436016503,23879179,200.1540193,4779513055,13390549,34.1734,34.4595,13879307,31.9187
Saxatilomys-paulinae,Saxatilomys,paulinae,Hiseq4000,4,2,NA,NA,NA,NA,NA,NA,NA,NA,SM075,NA,NA,NA,NA,NA,34890780,150,5233617000,34486190,148.3710509,5116752253,34432940,148.4112033,5110234057,22541538,203.3710887,4584295497,14097664,29.2317,29.5494,14434215,27.9155
Crunomys-sp.,Crunomys,sp.,Hiseq4000,4,2,NA,NA,NA,NA,NA,NA,NA,NA,REC6,NA,NA,NA,NA,NA,32978348,150,4946752200,32397968,147.6034558,4782052037,32352008,147.6413331,4776493591,23007072,188.4246509,4335098192,12798770,26.5652,26.7301,12932502,25.7775
Microhydromys-richardsoni,Microhydromys,richardsoni,Hiseq4000,4,2,NA,NA,NA,NA,NA,NA,NA,NA,SM050,NA,NA,NA,NA,NA,37706842,150,5656026300,37184758,148.167962,5509589809,37138080,148.2052943,5504060077,25141014,194.8814173,4899513906,14194759,32.1035,32.1174,13787347,31.5177
Uromys-caudimaculatus,Uromys,caudimaculatus,Hiseq4000,4,2,NA,NA,NA,NA,NA,NA,NA,NA,SM078,NA,NA,NA,NA,NA,37186694,150,5578004100,36719838,149.1930461,5478344483,36675334,149.2080846,5472256338,24537777,203.2070659,4986248449,14532633,31.1538,31.052,14083833,30.4776
Mirzamys-louiseae,Mirzamys,louiseae,Hiseq4000,4,2,NA,NA,NA,NA,NA,NA,NA,NA,SM051,NA,NA,NA,NA,NA,41706860,150,6256029000,41214466,148.6980186,6128509432,41179886,148.716265,6124118837,27269373,202.3345354,5517532881,16579268,35.0283,35.0525,16134246,34.4087
Papagomys-armandvillei,Papagomys,armandvillei,Hiseq4000,4,2,NA,NA,NA,NA,NA,NA,NA,NA,SM057,NA,NA,NA,NA,NA,39029930,150,5854489500,38627488,148.597054,5739930921,38584018,148.6244506,5734528477,24842928,205.1253763,5095913518,14128405,36.0274,36.341,14639840,33.6839
Chiromyscus-chiropus,Chiromyscus,chiropus,Hiseq4000,4,2,NA,NA,NA,NA,NA,NA,NA,NA,SM034,NA,NA,NA,NA,NA,35043450,150,5256517500,34663840,148.2830535,5140060040,34622872,148.3123344,5134998971,22238978,201.9208162,4490509156,13827132,30.5745,30.8272,14417592,28.305
Pogonomelomys-bruijni,Pogonomelomys,bruijni,Hiseq4000,4,2,NA,NA,NA,NA,NA,NA,NA,NA,REC26,NA,NA,NA,NA,NA,31809228,150,4771384200,31450314,148.8463681,4681265014,31420416,148.8608074,4677268494,20830865,199.4819446,4155379463,11524806,26.8578,26.7291,11159282,26.1021
Paraleptomys-sp,Paraleptomys,sp,Hiseq4000,4,2,NA,NA,NA,NA,NA,NA,NA,NA,SM065,NA,NA,NA,NA,NA,41781002,150,6267150300,41270412,147.9323769,6105230143,41234984,147.9499506,6100713844,26265088,201.4052407,5289923551,15761090,36.7,36.9409,15335638,35.9501
Oenomys-hypoxanthus,Oenomys,hypoxanthus,Hiseq4000,4,2,NA,NA,NA,NA,NA,NA,NA,NA,REC13,NA,NA,NA,NA,NA,37522238,150,5628335700,37142664,149.0839736,5537375939,37070606,149.1169323,5527855044,24151562,205.4382484,4961653566,14340626,33.2946,33.7579,13928423,32.7539
Bandicota-indica,Bandicota,indica,Hiseq4000,4,2,NA,NA,NA,NA,NA,NA,NA,NA,SM009,NA,NA,NA,NA,NA,30405058,150,4560758700,30089924,147.4199436,4435854898,30049892,147.4564041,4431049017,18585649,201.7442082,3749544823,11304127,28.4998,28.8482,11674204,26.3917
Rattus-xanthurus,Rattus,xanthurus,Hiseq4000,4,2,NA,NA,NA,NA,NA,NA,NA,NA,REC17,NA,NA,NA,NA,NA,38005628,150,5700844200,37535988,148.7513133,5583527511,37488572,148.7747981,5577354730,25781731,194.9100723,5025117884,13894302,33.9455,33.9505,14472992,31.5034
Lenomys-meyeri,Lenomys,meyeri,Hiseq4000,4,2,NA,NA,NA,NA,NA,NA,NA,NA,REC11,NA,NA,NA,NA,NA,40107456,150,6016118400,39597398,143.6639566,5688718869,39528858,143.7429947,5681996427,27004977,179.6865882,4852430026,15556594,32.8666,33.2478,16172578,30.0968
Thamnomys-kempi,Thamnomys,kempi,Hiseq4000,4,2,NA,NA,NA,NA,NA,NA,NA,NA,REC23,NA,NA,NA,NA,NA,33091898,150,4963784700,32737844,149.2913097,4887475608,32702578,149.315431,4882999528,21220287,206.814432,4388658500,12274167,29.3451,29.3817,11893821,28.7907
Parahydromys-asper,Parahydromys,asper,Hiseq4000,4,2,NA,NA,NA,NA,NA,NA,NA,NA,SM058,NA,NA,NA,NA,NA,35429438,150,5314415700,35039168,148.1911994,5192496333,35006242,148.2147565,5188441635,21831004,203.4886416,4442358093,14134575,30.7515,31.053,13762318,30.2201
Rattus-argentiventer,Rattus,argentiventer,Hiseq4000,4,2,NA,NA,NA,NA,NA,NA,NA,NA,SM042,NA,NA,NA,NA,NA,31257002,150,4688550300,30931360,148.7329964,4600513856,30897862,148.758188,4596309965,19801018,204.6063627,4051412634,12134504,27.8161,28.1204,12668137,25.8885
Uromys-sp-nov,Uromys,sp nov,Hiseq4000,4,2,NA,NA,NA,NA,NA,NA,NA,NA,REC25,NA,NA,NA,NA,NA,37208110,150,5581216500,36794368,148.9712426,5481302722,36758512,148.9852776,5476477115,23081645,206.6124881,4768954657,14989112,31.4202,31.4318,14567307,30.7328
Otomys-tropicalis,Otomys,tropicalis,Hiseq4000,4,2,NA,NA,NA,NA,NA,NA,NA,NA,REC15,NA,NA,NA,NA,NA,32553470,150,4883020500,32163816,147.613978,4747828826,32126784,147.6431109,4743298334,21855616,193.2794221,4224239864,13764753,25.359,25.4486,13308435,24.6617
Niviventer-cremoriventer,Niviventer,cremoriventer,Hiseq4000,4,2,NA,NA,NA,NA,NA,NA,NA,NA,SM055,NA,NA,NA,NA,NA,47040818,150,7056122700,46458810,147.9721953,6874612105,46389884,148.0095071,6866143865,29564656,198.1237121,5857456027,17631337,42.1499,42.4597,18302045,38.9036
Otomys-denti,Otomys,denti,Hiseq4000,4,2,NA,NA,NA,NA,NA,NA,NA,NA,REC14,NA,NA,NA,NA,NA,38130440,150,5719566000,37709588,145.642532,5492119877,37629526,145.7225894,5483471967,25038181,188.1986611,4712148941,14698961,31.3203,31.2859,14305188,30.0836
Praomys-jacksoni,Praomys,jacksoni,Hiseq4000,4,2,NA,NA,NA,NA,NA,NA,NA,NA,REC31,NA,NA,NA,NA,NA,38549594,150,5782439100,38018516,146.0258941,5551687790,37965960,146.0684237,5545627932,23991526,195.3545773,4686851881,15373971,31.3324,31.5419,14814399,30.8821
Mus-pos_ctrl_C,Mus,pos_ctrl_C,Hiseq4000,4,2,NA,NA,NA,NA,NA,NA,NA,NA,M44_C11,NA,NA,NA,NA,NA,3528302,150,529245300,3480234,148.3836389,516409785,3477362,148.3954193,516024592,2599746,179.6081327,466935345,1364276,3.81878,3.79315,1187846,3.70294
Mus-pos_ctrl_B,Mus,pos_ctrl_B,Hiseq4000,4,2,NA,NA,NA,NA,NA,NA,NA,NA,M44_B11,NA,NA,NA,NA,NA,3329866,150,499479900,3290854,148.6042349,489034841,3288052,148.6168199,488659832,2389208,184.8207677,441575072,1347262,3.64582,3.62589,1177484,3.54835
Mus-pos_ctrl_D1,Mus,pos_ctrl_D1,Hiseq4000,4,2,NA,NA,NA,NA,NA,NA,NA,NA,M44_D11,NA,NA,NA,NA,NA,2419816,150,362972400,2388050,146.2325182,349210565,2385754,146.255139,348928783,1699097,178.1671813,302723145,924289,3.11777,3.12298,813877,3.05648
Margaretamys-christinae,Margaretamys,christinae,Hiseq4000,4,3,NA,NA,NA,NA,NA,NA,NA,NA,NA,SM061,NA,NA,NA,NA,39851110,150,5977666500,39450864,148.3413985,5852196339,39404770,148.3670606,5846369900,24575961,204.6410557,5029247944,15891906,33.2149,33.3544,16125395,31.7047
Dasymys-incomtus,Dasymys,incomtus ,Hiseq4000,4,3,NA,NA,NA,NA,NA,NA,NA,NA,NA,REC29,NA,NA,NA,NA,41014600,150,6152190000,40419682,145.0827876,5864200137,40353838,145.1242582,5856320807,24330863,196.8349875,4789162163,18411218,30.9489,31.4679,17877930,30.3143
Taeromys-callitrichus,Taeromys,callitrichus,Hiseq4000,4,3,NA,NA,NA,NA,NA,NA,NA,NA,NA,REC19,NA,NA,NA,NA,43116848,150,6467527200,42492938,143.9641093,6117457971,42405722,144.0547468,6108745547,27026136,188.7300741,5100638232,16696466,36.0385,36.6365,17249762,33.6626
Hybomys-lunaris,Hybomys,lunaris,Hiseq4000,4,3,NA,NA,NA,NA,NA,NA,NA,NA,NA,SM039,NA,NA,NA,NA,41007648,150,6151147200,40547540,147.5399954,5982383866,40493442,147.5565724,5975073507,24662519,201.5152838,4969870888,17157576,35.1917,35.581,16720166,34.5279
Sundamys-annandalei,Sundamys,annandalei,Hiseq4000,4,3,NA,NA,NA,NA,NA,NA,NA,NA,NA,REC18,NA,NA,NA,NA,39891624,150,5983743600,39394664,147.8600942,5824898731,39346908,147.8865523,5818878569,24620284,200.7684268,4942973477,15794808,34.6391,35.0381,16277966,32.2141
Nesokia-indica,Nesokia,indica,Hiseq4000,4,3,NA,NA,NA,NA,NA,NA,NA,NA,NA,SM053,NA,NA,NA,NA,36529618,150,5479442700,36143090,144.6294627,5227355688,36075102,144.6973119,5219970287,21782864,190.9867694,4160232713,14180628,32.4353,33.0723,14625833,29.7028
Macruromys-major,Macruromys,major,Hiseq4000,4,3,NA,NA,NA,NA,NA,NA,NA,NA,NA,SM045,NA,NA,NA,NA,47570600,150,7135590000,46866108,143.3686359,6719129973,46745414,143.4631241,6706243129,27759499,188.7053051,5238352274,18473555,39.789,40.8907,17983389,38.8157
Mus-musculoides,Mus,musculoides,Hiseq4000,4,3,NA,NA,NA,NA,NA,NA,NA,NA,NA,REC30,NA,NA,NA,NA,70205740,150,10530861000,69232688,143.2443932,9917194383,69121042,143.2958194,9904756349,41487470,190.3031211,7895186653,27110327,58.2732,59.8879,25347269,54.5475
Pelomys-minor,Pelomys,minor,Hiseq4000,4,3,NA,NA,NA,NA,NA,NA,NA,NA,NA,REC16,NA,NA,NA,NA,46514704,150,6977205600,45860018,148.2681303,6799579126,45801176,148.2927558,6791982609,29540870,198.9232946,5876364599,17456679,39.7604,40.3648,17016036,39.0445
Tarsomys-apoensis,Tarsomys,apoensis,Hiseq4000,4,3,NA,NA,NA,NA,NA,NA,NA,NA,NA,REC21,NA,NA,NA,NA,37683818,150,5652572700,37168434,145.8860349,5422355459,37106542,145.9461256,5415556040,22992870,198.654157,4567626625,14386518,33.1642,33.4849,14874511,30.6233
Batomys-russatus,Batomys,russatus,Hiseq4000,4,3,NA,NA,NA,NA,NA,NA,NA,NA,NA,REC28,NA,NA,NA,NA,33606278,150,5040941700,33102862,146.9310991,4863839898,33041584,146.9867073,4856673637,21197918,197.2316222,4180896402,13863648,27.3236,27.7562,13503290,26.7697
Halmaheramys-bokimekot,Halmaheramys,bokimekot,Hiseq4000,4,3,NA,NA,NA,NA,NA,NA,NA,NA,NA,REC22,NA,NA,NA,NA,36616106,150,5492415900,36157696,145.8220712,5272590122,36105552,145.8708704,5266748298,22373061,197.3963222,4416356208,14705213,31.2988,31.7619,15187837,29.118
Chiruromys-vates,Chiruromys,vates,Hiseq4000,4,3,NA,NA,NA,NA,NA,NA,NA,NA,NA,SM035,NA,NA,NA,NA,46581702,150,6987255300,46072970,147.5604506,6798548212,46035376,147.5763685,6793733611,27276392,203.1806387,5542031701,18840824,40.68,41.4869,18295975,39.8404
Chrotomys-whiteheadi,Chrotomys,whiteheadi,Hiseq4000,4,3,NA,NA,NA,NA,NA,NA,NA,NA,NA,REC34,NA,NA,NA,NA,35401028,150,5310154200,34939788,145.5681071,5086118802,34894510,145.6137583,5081120746,21066268,197.4752739,4160063883,13540263,31.7155,32.4764,13162642,31.0297
Abeomelomys-sevia,Abeomelomys,sevia,Hiseq4000,4,3,NA,NA,NA,NA,NA,NA,NA,NA,NA,REC32,NA,NA,NA,NA,27142292,150,4071343800,26799628,141.3015453,3786828851,26718876,141.3879095,3777726022,16061916,180.4308095,2898059634,10256107,22.0263,21.9407,10040453,21.1146
Berylmys-mackenzii,Berylmys,mackenzii,Hiseq4000,4,3,NA,NA,NA,NA,NA,NA,NA,NA,NA,SM011,NA,NA,NA,NA,35357278,150,5303591700,34968580,145.9421537,5103389878,34850398,146.0924628,5091380475,20832542,194.417206,4050197417,13429898,31.2784,31.7691,13731591,29.3843
Solomys-salebrosus,Solomys,salebrosus,Hiseq4000,4,3,NA,NA,NA,NA,NA,NA,NA,NA,NA,SM076,NA,NA,NA,NA,41852882,150,6277932300,41416594,146.7630452,6078425458,41377652,146.7887639,6073774389,25061839,197.5023469,4949769256,15696113,37.4324,37.8998,15312164,36.6832
Zelotomys-woosnami,Zelotomys,woosnami,Hiseq4000,4,3,NA,NA,NA,NA,NA,NA,NA,NA,NA,SM081,NA,NA,NA,NA,45558236,150,6833735400,45038762,148.4596683,6686439665,44977244,148.4733161,6677920567,26839213,205.1471778,5505985930,18762699,37.5602,37.8583,18092841,36.9176
Kadarsanomys-sodyi,Kadarsanomys,sodyi,Hiseq4000,4,3,NA,NA,NA,NA,NA,NA,NA,NA,NA,REC 27,NA,NA,NA,NA,21067500,150,3160125000,20813458,145.687754,3032265948,20755600,145.7815315,3025783156,12595820,191.2604909,2409079083,8556375,18.4137,18.7339,8828080,17.0605
Mallomys-rothschildi,Mallomys,rothschildi,Hiseq4000,4,3,NA,NA,NA,NA,NA,NA,NA,NA,NA,SM046,NA,NA,NA,NA,39818142,150,5972721300,39382370,145.8749613,5744901699,39337922,145.9059804,5739638077,23376295,192.4980924,4499888731,16086196,33.7814,34.6405,15716750,33.0609
Taeromys-taerae,Taeromys,taerae,Hiseq4000,4,3,NA,NA,NA,NA,NA,NA,NA,NA,NA,REC20,NA,NA,NA,NA,38391576,150,5758736400,37950324,140.1393427,5318333460,37844564,140.2686511,5308405942,23297202,180.5372969,4206007737,14468627,33.2455,33.8805,14846722,31.0485
Vandeleuria-oleracea,Vandeleuria,oleracea,Hiseq4000,4,3,NA,NA,NA,NA,NA,NA,NA,NA,NA,SM079,NA,NA,NA,NA,38413180,150,5761977000,38030076,145.4278873,5530633605,37976322,145.457029,5523922972,22410540,191.446158,4290406039,15075118,35.0473,35.5804,14683833,34.3984
Mus-pos_ctrl_A,Mus,pos_ctrl_A,Hiseq4000,4,3,NA,NA,NA,NA,NA,NA,NA,NA,NA,M44_A12,NA,NA,NA,NA,1669996,150,250499400,1649330,148.2621537,244533218,1647852,148.2790014,244341849,1170432,183.051851,214249561,669691,2.54959,2.54977,593810,2.5218
Mus-pos_ctrl_G,Mus,pos_ctrl_G,Hiseq4000,4,3,NA,NA,NA,NA,NA,NA,NA,NA,NA,M44_G11,NA,NA,NA,NA,1333082,150,199962300,1315200,147.3776429,193831076,1313990,147.3944155,193674788,924783,176.9576052,163647385,515757,2.36829,2.37783,459837,2.35574
Mus-pos_ctrl_D2,Mus,pos_ctrl_D2,Hiseq4000,4,3,NA,NA,NA,NA,NA,NA,NA,NA,NA,M44_D11,NA,NA,NA,NA,1919848,150,287977200,1891312,148.2317,280352393,1889702,148.2450619,280138990,1396747,177.6867698,248183285,730314,2.71392,2.70465,639351,2.67547
Conilurus-albipes,Conilurus,albipes,Hiseq2500,5,NA,NMV-c7585,NA, NA, NA, NA, NA, NA, NA, NA, NA,53930_HTVLKBCX2_TGCGTCC,53930_HTVLKBCX2_TGCGTCC,NA,NA,183436990,101,16578527436,178705157,92.15872646,14725515200,175178381,92.17691811,14444750793,100236891,105.3341213,9935799622,50497450,92.3735,97.7941,49671222,88.8998
Conilurus-penicillatus,Conilurus,penicillatus,Hiseq2500,5,NA,M14056,NA, NA, NA, NA, NA, NA, NA, NA, NA,53920_HTVLWBCX2_GCTCGAA,53920_HTVLWBCX2_GCTCGAA,NA,NA,31835110,101,2882440212,31116486,100.5500776,2802890525,30332267,100.577428,2733854613,23959982,121.5605896,2621600352,4032190,20.6723,20.8332,3902364,20.1542
Leggadina-forresti,Leggadina,forresti,Hiseq2500,5,NA,WAMM62323,NA, NA, NA, NA, NA, NA, NA, NA, NA,52918_AH7T2JBCX2_CTGCGAC,52918_AH7T7NBCX2_CTGCGAC,NA,NA,44054256,101,4216628194,44000998,100.8453552,4205030058,43008560,100.8724082,4116281398,29936252,136.2582249,3880525103,8582195,31.6636,31.9913,8317467,30.6294
Leggadina-lakedownensis,Leggadina,lakedownensis,Hiseq2500,5,NA,WAMM21623,NA, NA, NA, NA, NA, NA, NA, NA, NA,52919_AH7T2JBCX2_ACGTATG,52919_AH7T7NBCX2_ACGTATG,NA,NA,61153568,101,5864632670,60293621,100.8229242,5774152461,58735253,100.8584215,5635020119,40905997,136.1935086,5310065731,14793221,36.7659,37.1745,14354771,35.5487
Mesembriomys-gouldii,Mesembriomys,gouldii,Hiseq2500,5,NA,ABTC7449,NA, NA, NA, NA, NA, NA, NA, NA, NA,53919_HTVLKBCX2_CTCGATG,53919_HTVLKBCX2_CTCGATG,NA,NA,39057987,101,3543697716,38153434,100.5618242,3444115368,37512102,100.5923547,3388979567,29645147,121.6076332,3253280603,5163681,24.573,24.7302,5006856,23.872
Mesembriomys-macrurus,Mesembriomys,macrurus,Hiseq2500,5,NA,ABTC7337,NA, NA, NA, NA, NA, NA, NA, NA, NA,53918_HTVLWBCX2_ATGGAGA,53918_HTVLWBCX2_ATGGAGA,NA,NA,25982150,101,2354800456,25397337,100.5597804,2290151656,24917658,100.5864727,2248555676,20105535,118.3709619,2145336848,2770837,15.533,15.6816,2664199,15.1702
Notomys-alexis,Notomys,alexis,Hiseq2500,5,NA,U1308,NA, NA, NA, NA, NA, NA, NA, NA, NA,52920_AH7T2JBCX2_ATACTGA,52920_AH7T7NBCX2_ATACTGA,NA,NA,39797475,101,3810411446,39175218,100.7770289,3744300571,38114479,100.7983113,3648645867,27506615,130.4389133,3414854750,7449833,26.5174,26.83,7214574,25.7062
Notomys-amplus,Notomys,amplus,Hiseq2500,5,NA,NMV-C512,NA, NA, NA, NA, NA, NA, NA, NA, NA,53926_HTVLWBCX2_TTGGATC,53926_HTVLWBCX2_TTGGATC,NA,NA,159689029,101,14401466578,154909873,88.89972363,12287005935,150510253,88.94866139,11951280371,87573404,94.46917762,7800446868,49677467,52.7005,56.2478,49188710,50.4014
Notomys-aquilo,Notomys,aquilo,Hiseq2500,5,NA,M-32455,NA, NA, NA, NA, NA, NA, NA, NA, NA,52921_AH7T2JBCX2_TACTTAG,52921_AH7T7NBCX2_TACTTAG,NA,NA,44052994,101,4223712536,43630784,100.8349371,4177543445,42642688,100.8485118,4089338778,30059569,132.7636287,3804294648,7819771,30.8602,31.2918,7582325,29.5339
Notomys-cervinus,Notomys,cervinus,Hiseq2500,5,NA,M22857,NA, NA, NA, NA, NA, NA, NA, NA, NA,52922_AH7T2JBCX2_AAGCTAA,52922_AH7T7NBCX2_AAGCTAA,NA,NA,37034198,101,3545298768,36946342,100.7697581,3528969221,35955559,100.7797526,3438988929,25032493,133.1785987,3174398333,5943006,28.0058,28.3896,5769531,27.385
Notomys-fuscus,Notomys,fuscus,Hiseq2500,5,NA,22830,NA, NA, NA, NA, NA, NA, NA, NA, NA,52924_AH7T2JBCX2_AGAAGAC,52924_AH7T7NBCX2_AGAAGAC,NA,NA,38986104,101,3735214522,38703662,100.673917,3696918182,37608305,100.6897661,3597654205,26523847,130.7282932,3305584249,6622939,28.3282,28.6476,6437651,27.6844
Notomys-longicaudatus,Notomys,longicaudatus,Hiseq2500,5,NA,C6278,NA, NA, NA, NA, NA, NA, NA, NA, NA,52956_BH7T33BCX2_GGTCAAG,52956_BH7T77BCX2_GGTCAAG,NA,NA,113074849,101,10642223752,111830901,90.59480302,9442084260,108947535,90.58738137,9209511412,59409013,97.01205147,5612547061,44548530,53.2526,56.6855,43969750,51.217
Notomys-macrotis,Notomys,macrotis,Hiseq2500,5,NA,ZD-1841-1167,NA, NA, NA, NA, NA, NA, NA, NA, NA,53929_HTVLKBCX2_AGGTACC,53929_HTVLKBCX2_AGGTACC,NA,NA,71894529,101,6457786278,69545155,79.8270029,4933685403,60294195,80.49291059,4316562890,39282134,82.87735968,3028112053,23029172,10.2141,10.4247,23304652,9.89982
Notomys-mitchellii,Notomys,mitchellii,Hiseq2500,5,NA,M21518,NA, NA, NA, NA, NA, NA, NA, NA, NA,53916_HTVLWBCX2_GGATCAA,53916_HTVLWBCX2_GGATCAA,NA,NA,23772876,101,2153983166,22208048,100.4480957,2002465133,21769696,100.5085531,1965013173,17125179,120.5815474,1863789187,3039742,14.9934,15.1681,2983965,14.5059
Pseudomys-patrius,Pseudomys,patrius,Hiseq2500,5,NA,JM10865,NA, NA, NA, NA, NA,NA, NA, NA, NA,52940_BH7T33BCX2_CCAACCT,52940_BH7T77BCX2_CCAACCT,NA,NA,41130512,101,3874924388,40997573,100.7518202,3852851970,40062198,100.7699245,3769366137,26635411,139.7204023,3490925289,7898051,29.9976,30.3829,7646311,29.3296
Pseudomys-pilligaensis,Pseudomys,pilligaensis,Hiseq2500,5,NA,ABTC18120,NA, NA, NA, NA, NA, NA, NA, NA, NA,52942_BH7T33BCX2_AGAATTA,52942_BH7T77BCX2_AGAATTA,NA,NA,28136555,101,2655197484,28055409,100.6944901,2639481308,27058048,100.7082356,2549332305,18970390,133.3412973,2375646821,3943118,22.0801,22.4461,3821281,21.6048
Pseudomys-shortridgei,Pseudomys,shortridgei,Hiseq2500,5,NA,M62127,NA, NA, NA, NA, NA, NA, NA, NA, NA,53914_HTVLWBCX2_CTCTGCA,53914_HTVLWBCX2_CTCTGCA1,NA,NA,33791802,101,3066600178,33016764,100.4730923,2978540696,32466566,100.4966322,2931042364,25129473,121.555647,2759229436,5443111,20.2223,20.4228,5248790,19.4801
Rattus-colletti,Rattus,colletti,Hiseq2500,5,NA,RAT25,NA, NA, NA, NA, NA, NA, NA, NA, NA,52951_BH7T33BCX2_GCTAATC,52951_BH7T77BCX2_GCTAATC,NA,NA,45048644,101,4242262398,44916615,100.6528943,4215204512,43875404,100.6875395,4123658985,30260384,134.8973675,3829631989,8324783,32.6076,32.8363,8695503,31.2683
Rattus-tunneyi,Rattus,tunneyi,Hiseq2500,5,NA,RAT130,NA, NA, NA, NA, NA, NA, NA, NA, NA,52952_BH7T33BCX2_GACTTCT,52952_BH7T77BCX2_GACTTCT,NA,NA,25226372,101,2379269322,25159581,100.6688356,2365125905,24622801,100.7212114,2318186710,17235891,135.0396463,2183360703,4232666,19.8917,19.9676,4478034,19.0113
Zyzomys-argurus,Zyzomys,argurus,Hiseq2500,5,NA,ABTC61630,NA, NA, NA, NA, NA, NA, NA, NA, NA,52946_BH7T33BCX2_AACGACC,52946_BH7T77BCX2_AACGACC,NA,NA,48945848,101,4608170450,48712368,100.6903904,4572310957,47478575,100.7114973,4462470448,32711463,136.8564294,4195687753,9896360,34.3667,34.7687,9607094,33.206
Zyzomys-maini,Zyzomys,maini,Hiseq2500,5,NA,ABTC07900,NA, NA, NA, NA, NA, NA, NA, NA, NA,52947_BH7T33BCX2_CCAGCGG,52947_BH7T77BCX2_CCAGCGG,NA,NA,47239994,101,4446040806,47090671,100.7419034,4420575876,45949769,100.7606955,4319011288,31266157,139.4987638,4084885803,8936494,33.6527,33.773,8714593,32.9864
Zyzomys-palatalis,Zyzomys,palatalis,Hiseq2500,5,NA,ABTC30744,NA, NA, NA, NA, NA, NA, NA, NA, NA,52949_BH7T33BCX2_TGGCAAT,52949_BH7T77BCX2_TGGCAAT,NA,NA,29835520,101,2809712536,29712320,100.7088996,2790098973,29124377,100.7271994,2738407719,21313762,130.2049739,2599918987,5072069,22.0024,22.245,4907154,21.4757
Zyzomys-pedunculatus,Zyzomys,pedunculatus,Hiseq2500,5,NA,Z34925,NA, NA, NA, NA, NA, NA, NA, NA, NA,52948_BH7T33BCX2_TAGTTCC,52948_BH7T77BCX2_TAGTTCC,NA,NA,67229380,101,6346045534,66898498,100.6146074,6290622257,65208275,100.6365999,6140032180,45485901,133.2873517,5704533242,30370488,22.8982,22.9424,29346954,21.94
Zyzomys-woodwardi,Zyzomys,woodwardi,Hiseq2500,5,NA,WAMM21724,NA, NA, NA, NA, NA, NA, NA, NA, NA,52950_BH7T33BCX2_CGTATAT,52950_BH7T77BCX2_CGTATAT,NA,NA,21069256,101,1985254990,20981164,100.7131108,1971349568,20571790,100.7274565,1935194227,16062772,123.6404317,1859003253,3260889,15.753,15.8616,3145147,15.3505
Pseudomys-albocinereus,Pseudomys,albocinereus,Hiseq2500,5,NA,WAMM18855,NA, NA, NA, NA, NA, NA, NA, NA, NA,52930_AH7T2JBCX2_AACCTGC,52930_AH7T7NBCX2_AACCTGC,NA,NA,38738522,101,3710571330,38709681,100.873193,3703129560,37789199,100.8934986,3620814020,25414122,138.1741989,3343882765,7552302,28.2468,28.6735,7324103,27.645
Pseudomys-apodemoides,Pseudomys,apodemoides,Hiseq2500,5,NA,M16672,NA, NA, NA, NA, NA, NA, NA, NA, NA,52931_AH7T2JBCX2_GACGATT,52931_AH7T7NBCX2_GACGATT,NA,NA,49944362,101,4777840148,49567875,100.8737818,4736922839,48448500,100.8965292,4636735718,32985867,138.858631,4356279636,9163154,35.0089,35.5307,8876186,34.1529
Pseudomys-auritus,Pseudomys,auritus,Hiseq2500,5,NA,1846_4_4_67,NA, NA, NA, NA, NA, NA, NA, NA, NA,53928_HTVLKBCX2_TAATGCG,53928_HTVLWBCX2_TAATGCG,NA,NA,11608800,101,1042436352,11257273,86.23660582,862447983,10106579,87.08811087,782975763,6777561,90.88616015,568154199,2510673,2.75528,2.69709,2734884,2.72362
Pseudomys-australis,Pseudomys,australis,Hiseq2500,5,NA,M25541,NA, NA, NA, NA, NA, NA, NA, NA, NA,52932_AH7T2JBCX2_TAGGCCG,52932_AH7T7NBCX2_TAGGCCG,NA,NA,55184580,101,5283849946,54840213,100.8735716,5245307094,53747800,100.891661,5148171747,35966203,140.3425867,4803707948,10759978,39.8353,40.3168,10428805,38.8729
Pseudomys-bolami,Pseudomys,bolami,Hiseq2500,5,NA,ABTC107389,NA, NA, NA, NA, NA, NA, NA, NA, NA,53922_HTVLKBCX2_CCGGTAC,53922_HTVLWBCX2_CCGGTAC,NA,NA,33923053,101,3081401526,33111231,100.5439533,2991983544,32512105,100.5690234,2940129366,25490188,121.5008681,2797787975,6626902,19.8331,20.0477,6400703,19.1071
Pseudomys-calabyi,Pseudomys,calabyi,Hiseq2500,5,NA,WAMM56280,NA, NA, NA, NA, NA, NA, NA, NA, NA,52938_BH7T33BCX2_AATAAGC,52938_BH7T77BCX2_AATAAGC,NA,NA,61732305,101,5817762812,61473851,100.6924954,5775823035,59798403,100.7163259,5627784559,40007874,138.047899,5187704342,12197884,42.5778,43.1532,11865230,41.5079
Pseudomys-chapmani,Pseudomys,chapmani,Hiseq2500,5,NA,WAMM29440,NA, NA, NA, NA, NA, NA, NA, NA, NA,52926_AH7T2JBCX2_TCAGCTT,52926_AH7T7NBCX2_TCAGCTT,NA,NA,44845489,101,4293388396,44802115,100.8717614,4283773344,43888911,100.8898624,4202254260,30851386,138.8842868,4072558246,7487362,33.2056,33.4426,7266849,32.4555
Pseudomys-delicatulus,Pseudomys,delicatulus,Hiseq2500,5,NA,JM18363,NA, NA, NA, NA, NA, NA, NA, NA, NA,52944_BH7T33BCX2_TTCTAGG,52944_BH7T77BCX2_TTCTAGG,NA,NA,41489395,101,3914976544,41355966,100.6775913,3889889157,40508296,100.6961762,3815286282,27694753,136.978355,3562456213,7187513,30.8731,31.3771,6965924,30.0494
Pseudomys-desertor,Pseudomys,desertor,Hiseq2500,5,NA,ABTC41464,NA, NA, NA, NA, NA, NA, NA, NA, NA,52925_AH7T2JBCX2_GTCCGGC,52925_AH7T7NBCX2_GTCCGGC,NA,NA,48194988,101,4595867842,48082446,100.6671133,4570240838,47165804,100.680818,4488586662,30159748,138.5457759,3976909947,9230144,35.9049,36.5412,8949255,35.0648
Pseudomys-fieldi,Pseudomys,fieldi,Hiseq2500,5,NA,ABTC08164,NA, NA, NA, NA, NA, NA, NA, NA, NA,52941_BH7T33BCX2_GCAGAAG,52941_BH7T77BCX2_GCAGAAG,NA,NA,39020193,101,3684038226,38764703,100.7409996,3650876191,37793665,100.7586834,3564456113,25877155,138.2186208,3360562819,6347515,29.5749,30.0139,6163861,28.8714
Pseudomys-fumeus,Pseudomys,fumeus,Hiseq2500,5,NA,ABTC08168,NA, NA, NA, NA, NA, NA, NA, NA, NA,52955_BH7T33BCX2_AGCAGGT,52955_BH7T77BCX2_AGCAGGT,NA,NA,69366996,101,6644566386,69012702,100.7648273,6595188539,64178239,100.89478,6150565562,43467906,139.0053025,5755465204,10835041,48.0363,48.8676,10535996,46.7108
Pseudomys-gouldii,Pseudomys,gouldii,Hiseq2500,5,NA,C955,NA, NA, NA, NA, NA, NA, NA, NA, NA,52955_BH7T33BCX2_AGCAGGT,52955_BH7T77BCX2_AGCAGGT,NA,NA,168311724,101,15791950546,165852694,89.74273803,13829696055,157168212,89.78768628,13132216623,89153706,94.81390673,8187835252,77827178,36.6366,38.1476,77897166,35.0846
Pseudomys-gracilicaudatus,Pseudomys,gracilicaudatus,Hiseq2500,5,NA,ABTC08163,NA, NA, NA, NA, NA, NA, NA, NA, NA,52934_AH7T2JBCX2_TTCAACC,52934_AH7T7NBCX2_TTCAACC,NA,NA,42819635,101,4101998042,42784310,100.8777112,4093631038,41809558,100.8927361,4006414230,28344522,137.6691373,3716026617,8104058,31.781,32.1396,7863583,31.0517
Pseudomys-hermannsburgensis,Pseudomys,hermannsburgensis,Hiseq2500,5,NA,ABTC08067,NA, NA, NA, NA, NA, NA, NA, NA, NA,52943_BH7T33BCX2_CAGCATC,52943_BH7T77BCX2_CAGCATC,NA,NA,41933778,101,3948884062,41827026,100.7415198,3928619062,40929602,100.7599691,3849128153,27711726,138.7939218,3606402110,8202162,30.5737,30.9276,7932619,29.8956
Pseudomys-higginsi,Pseudomys,higginsi,Hiseq2500,5,NA,UC1421,NA, NA, NA, NA, NA, NA, NA, NA, NA,52953_BH7T33BCX2_GTACTAT,52953_BH7T77BCX2_GTACTAT,53925_HTVLKBCX2_ACTATCA,53925_HTVLWBCX2_ACTATCA,54338195,101,5002521718,53466761,100.477085,4895562093,52203121,100.5226565,4785642422,40891083,122.8514275,4596251392,8988708,32.6036,32.9451,8674386,31.665
Pseudomys-johnsoni,Pseudomys,johnsoni,Hiseq2500,5,NA,ABTC08053,NA, NA, NA, NA, NA, NA, NA, NA, NA,52935_AH7T2JBCX2_TTAACTC,52935_AH7T7NBCX2_TTAACTC,NA,NA,51790040,101,4965863970,51723168,100.8902864,4954022188,50602758,100.9140245,4854047734,35566381,136.0640838,4606073613,8590650,38.2906,38.786,8365896,37.4497
Pseudomys-nanus,Pseudomys,nanus,Hiseq2500,5,NA,U1448,NA, NA, NA, NA, NA, NA, NA, NA, NA,52936_AH7T2JBCX2_TAGTCTA,52936_AH7T7NBCX2_TAGTCTA,NA,NA,45433696,101,4353158176,45394192,100.8912916,4344658890,44407446,100.9064808,4256391766,30353898,137.4775085,3972838102,7655060,34.0855,34.5245,7431081,33.2967
Pseudomys-novaehollandiae,Pseudomys,novaehollandiae,Hiseq2500,5,NA,NMV_C22127,NA, NA, NA, NA, NA, NA, NA, NA, NA,53927_HTVLKBCX2_CGACCTG,53927_HTVLWBCX2_CGACCTG_,NA,NA,124253079,101,11223502386,121181317,92.67876439,10037021583,118243422,92.68447012,9799172747,67928360,104.397777,6672392871,32732915,64.4264,68.5493,32422756,62.3326
Pseudomys-occidentalis,Pseudomys,occidentalis,Hiseq2500,5,NA,ABTC08043,NA, NA, NA, NA, NA, NA, NA, NA, NA,52939_BH7T33BCX2_AGCCTTG,52939_BH7T77BCX2_AGCCTTG,NA,NA,45854798,101,4327704156,45709391,100.7113217,4301611580,44908626,100.7316954,4231546329,30070129,140.3610341,3963614677,8504471,34.3549,34.8046,8233447,33.5897
Pseudomys-oralis,Pseudomys,oralis,Hiseq2500,5,NA,RAT7,NA, NA, NA, NA, NA, NA, NA, NA, NA,52928_AH7T2JBCX2_GCCTACG,52928_AH7T7NBCX2_GCCTACG,NA,NA,68480816,101,6565522170,68427903,100.8858147,6552989872,66996407,100.9024861,6424994058,44790858,139.799099,5968449083,14027827,47.2862,48.0226,13624152,46.0942
